<?xml version="1.0" encoding="UTF-8"?>
<configurationDescriptor version="80">
  <logicalFolder name="root" displayName="root" projectFiles="true" kind="ROOT">
    <logicalFolder name="HeaderFiles"
                   displayName="Header Files"
                   projectFiles="true">
      <itemPath>CQueue.h</itemPath>
      <itemPath>DestinationClass.h</itemPath>
      <itemPath>Event.h</itemPath>
      <itemPath>IntersectionClass.h</itemPath>
      <itemPath>LinkedListPQClass.h</itemPath>
      <itemPath>ParkingLotClass.h</itemPath>
      <itemPath>PhaseChangeEvent.h</itemPath>
      <itemPath>PhaseClass.h</itemPath>
      <itemPath>RoadSegmentClass.h</itemPath>
      <itemPath>SeekVehicleEvent.h</itemPath>
      <itemPath>SimulatorClass.h</itemPath>
      <itemPath>TrafficModelClass.h</itemPath>
      <itemPath>TrafficModelEvent.h</itemPath>
      <itemPath>TrafficModelEventsLibrary.h</itemPath>
      <itemPath>TrafficModelObject.h</itemPath>
      <itemPath>TrafficModelObjectsLibrary.h</itemPath>
      <itemPath>TrafficNodeClass.h</itemPath>
      <itemPath>VehicleAtFrontEvent.h</itemPath>
      <itemPath>VehicleClass.h</itemPath>
      <itemPath>VehicleExitsIntersectionEvent.h</itemPath>
      <itemPath>VehicleQueueClass.h</itemPath>
      <itemPath>random.h</itemPath>
    </logicalFolder>
    <logicalFolder name="ResourceFiles"
                   displayName="Resource Files"
                   projectFiles="true">
    </logicalFolder>
    <logicalFolder name="SourceFiles"
                   displayName="Source Files"
                   projectFiles="true">
      <itemPath>CQueue.cpp</itemPath>
      <itemPath>DestinationClass.cpp</itemPath>
      <itemPath>Event.cpp</itemPath>
      <itemPath>IntersectionClass.cpp</itemPath>
      <itemPath>LinkedListPQClass.cpp</itemPath>
      <itemPath>Modeler.cpp</itemPath>
      <itemPath>ParkingLotClass.cpp</itemPath>
      <itemPath>PhaseChangeEvent.cpp</itemPath>
      <itemPath>PhaseClass.cpp</itemPath>
      <itemPath>RoadSegmentClass.cpp</itemPath>
      <itemPath>SeekVehicleEvent.cpp</itemPath>
      <itemPath>TrafficModelClass.cpp</itemPath>
      <itemPath>TrafficModelEvent.cpp</itemPath>
      <itemPath>TrafficModelObject.cpp</itemPath>
      <itemPath>TrafficNodeClass.cpp</itemPath>
      <itemPath>VehicleAtFrontEvent.cpp</itemPath>
      <itemPath>VehicleClass.cpp</itemPath>
      <itemPath>VehicleExitsIntersectionEvent.cpp</itemPath>
      <itemPath>VehicleQueueClass.cpp</itemPath>
      <itemPath>random.cpp</itemPath>
    </logicalFolder>
    <logicalFolder name="TestFiles"
                   displayName="Test Files"
                   projectFiles="false"
                   kind="TEST_LOGICAL_FOLDER">
      <logicalFolder name="f1"
                     displayName="ModelBuild"
                     projectFiles="true"
                     kind="TEST">
        <itemPath>input.txt</itemPath>
      </logicalFolder>
    </logicalFolder>
    <logicalFolder name="ExternalFiles"
                   displayName="Important Files"
                   projectFiles="false"
                   kind="IMPORTANT_FILES_FOLDER">
      <itemPath>Makefile</itemPath>
    </logicalFolder>
  </logicalFolder>
  <projectmakefile>Makefile</projectmakefile>
  <confs>
    <conf name="Debug" type="1">
      <toolsSet>
        <remote-sources-mode>LOCAL_SOURCES</remote-sources-mode>
        <compilerSet>Cygwin|Cygwin</compilerSet>
      </toolsSet>
      <compileType>
        <cTool>
          <incDir>
            <pElem>.</pElem>
          </incDir>
        </cTool>
        <ccTool>
          <incDir>
            <pElem>.</pElem>
          </incDir>
        </ccTool>
        <linkerTool>
          <output>${TESTDIR}/TestFiles/f1</output>
        </linkerTool>
      </compileType>
      <folder path="TestFiles/f1">
        <cTool>
          <incDir>
            <pElem>.</pElem>
          </incDir>
        </cTool>
        <ccTool>
          <incDir>
            <pElem>.</pElem>
          </incDir>
        </ccTool>
        <linkerTool>
          <output>${TESTDIR}/TestFiles/f1</output>
        </linkerTool>
      </folder>
    </conf>
    <conf name="Release" type="1">
      <toolsSet>
        <remote-sources-mode>LOCAL_SOURCES</remote-sources-mode>
        <compilerSet>default</compilerSet>
      </toolsSet>
      <compileType>
        <cTool>
          <developmentMode>5</developmentMode>
        </cTool>
        <ccTool>
          <developmentMode>5</developmentMode>
        </ccTool>
        <fortranCompilerTool>
          <developmentMode>5</developmentMode>
        </fortranCompilerTool>
        <asmTool>
          <developmentMode>5</developmentMode>
        </asmTool>
      </compileType>
    </conf>
  </confs>
</configurationDescriptor>
