Vehicle_ID,Veh_Len,Veh_Class,Org_Zone,Dest_Zone,Veh_minTime,Veh_maxTime,Input_ID,Output_ID
2,14.000000,2,102,214,1163033200.000000,1163201100.000000,11,6
6,19.100000,2,114,213,1163030800.000000,1163033800.000000,6,7
8,14.600000,2,123,201,1163031100.000000,1163031800.000000,1,0
13,14.500000,2,102,203,1163034600.000000,1163092200.000000,11,10
15,18.000000,2,101,214,1163034800.000000,1163206000.000000,0,6
17,15.500000,2,101,214,1163036300.000000,1163207900.000000,0,6
21,18.000000,2,101,202,1163039100.000000,1163059900.000000,0,11
22,15.400000,2,115,214,1163043500.000000,1163044900.000000,5,6
24,18.000000,2,101,202,1163044800.000000,1163065300.000000,0,11
25,16.000000,2,122,202,1163045700.000000,1163087300.000000,2,11
27,14.900000,2,115,214,1163045500.000000,1163047500.000000,5,6
28,13.000000,2,122,202,1163047900.000000,1163141000.000000,2,11
29,3.500000,1,114,201,1163045700.000000,1163160000.000000,6,0
31,16.600000,2,115,214,1163047800.000000,1163049200.000000,5,6
33,14.200000,2,123,201,1163049300.000000,1163050500.000000,1,0
36,16.600000,2,101,215,1163050500.000000,1163188000.000000,0,5
39,15.000000,2,101,214,1163050500.000000,1163210200.000000,0,6
42,12.500000,2,122,202,1163053400.000000,1163144600.000000,2,11
45,12.100000,2,113,214,1163060200.000000,1163060200.000000,7,6
49,16.400000,2,113,214,1163062300.000000,1163062700.000000,7,6
50,16.500000,2,101,214,1163059300.000000,1163216500.000000,0,6
53,15.500000,2,101,214,1163060600.000000,1163203300.000000,0,6
56,13.600000,2,113,214,1163064700.000000,1163064700.000000,7,6
59,14.500000,2,101,214,1163064700.000000,1163212200.000000,0,6
60,15.600000,2,101,206,1163065400.000000,1163136100.000000,0,9
63,19.100000,2,101,221,1163067700.000000,1163159300.000000,0,3
67,11.800000,2,113,214,1163070100.000000,1163070200.000000,7,6
70,17.500000,2,101,212,1163070000.000000,1163147000.000000,0,8
72,15.900000,2,115,214,1163074900.000000,1163075800.000000,5,6
74,19.500000,2,112,201,1163077100.000000,1163159700.000000,8,0
75,42.600000,3,101,214,1163074600.000000,1163312200.000000,0,6
78,15.900000,2,123,201,1163076000.000000,1163076800.000000,1,0
83,18.100000,2,114,213,1163079600.000000,1163084800.000000,6,7
85,14.500000,2,101,214,1163079600.000000,1163205400.000000,0,6
87,16.600000,2,114,201,1163080200.000000,1163181900.000000,6,0
88,16.500000,2,114,202,1163080200.000000,1163252400.000000,6,11
89,16.500000,2,101,214,1163080800.000000,1163208000.000000,0,6
92,15.500000,2,114,213,1163083100.000000,1163086100.000000,6,7
93,17.100000,2,114,201,1163083100.000000,1163255000.000000,6,0
94,18.600000,2,114,223,1163086700.000000,1163184200.000000,6,1
95,18.000000,2,101,214,1163088000.000000,1163307000.000000,0,6
96,38.200000,3,114,213,1163088200.000000,1163090800.000000,6,7
103,14.300000,2,112,214,1163091300.000000,1163112200.000000,8,6
107,12.200000,2,121,201,1163100700.000000,1163182600.000000,3,0
114,15.100000,2,114,201,1163093000.000000,1163187800.000000,6,0
115,15.100000,2,123,222,1163093800.000000,1163107300.000000,1,2
116,17.600000,2,114,212,1163093500.000000,1163104900.000000,6,8
118,15.600000,2,114,202,1163095000.000000,1163285700.000000,6,11
119,16.700000,2,123,214,1163098500.000000,1163218300.000000,1,6
124,20.000000,2,114,201,1163100100.000000,1163256800.000000,6,0
131,23.500000,2,115,212,1163104300.000000,1163119900.000000,5,8
133,28.100000,3,114,215,1163105700.000000,1163107200.000000,6,5
134,16.000000,2,114,201,1163106300.000000,1163262400.000000,6,0
142,16.000000,2,102,214,1163112000.000000,1163219800.000000,11,6
143,19.000000,2,114,201,1163108500.000000,1163189400.000000,6,0
144,18.500000,2,115,223,1163108600.000000,1163198100.000000,5,1
146,17.500000,2,114,201,1163109500.000000,1163263300.000000,6,0
154,18.500000,2,114,202,1163110900.000000,1163288100.000000,6,11
156,18.000000,2,102,201,1163112900.000000,1163114300.000000,11,0
157,18.700000,2,102,201,1163113700.000000,1163115700.000000,11,0
158,16.500000,2,114,223,1163112400.000000,1163203800.000000,6,1
163,16.000000,2,102,201,1163116000.000000,1163118000.000000,11,0
165,16.000000,2,112,214,1163115900.000000,1163129300.000000,8,6
166,16.000000,2,102,222,1163117100.000000,1163190900.000000,11,2
169,16.000000,2,103,222,1163117100.000000,1163121200.000000,10,2
170,16.000000,2,102,214,1163119800.000000,1163300700.000000,11,6
172,19.000000,2,114,201,1163119400.000000,1163266400.000000,6,0
176,18.100000,2,103,222,1163120000.000000,1163124600.000000,10,2
177,16.000000,2,102,214,1163122800.000000,1163302000.000000,11,6
183,16.000000,2,123,201,1163122900.000000,1163123700.000000,1,0
186,16.600000,2,122,202,1163126200.000000,1163245000.000000,2,11
187,16.000000,2,114,201,1163124600.000000,1163268600.000000,6,0
188,20.000000,2,114,212,1163126000.000000,1163158900.000000,6,8
192,18.500000,2,114,201,1163127900.000000,1163254600.000000,6,0
193,18.500000,2,114,213,1163128600.000000,1163131600.000000,6,7
194,20.600000,2,122,202,1163135700.000000,1163246700.000000,2,11
196,18.000000,2,114,213,1163130500.000000,1163133500.000000,6,7
197,16.000000,2,103,222,1163130600.000000,1163134100.000000,10,2
198,16.000000,2,118,202,1163131400.000000,1163288800.000000,4,11
200,16.500000,2,123,214,1163136300.000000,1163304900.000000,1,6
205,16.200000,2,115,214,1163137600.000000,1163138400.000000,5,6
209,16.000000,2,118,223,1163137800.000000,1163236900.000000,4,1
210,16.000000,2,115,214,1163139400.000000,1163140700.000000,5,6
214,16.000000,2,122,202,1163144500.000000,1163248200.000000,2,11
222,27.000000,3,101,222,1163151300.000000,1163197600.000000,0,2
224,20.000000,2,101,202,1163151900.000000,1163157900.000000,0,11
225,15.500000,2,122,202,1163154400.000000,1163250000.000000,2,11
227,16.300000,2,103,214,1163154400.000000,1163214400.000000,10,6
231,13.500000,2,123,201,1163162200.000000,1163164100.000000,1,0
234,22.000000,2,101,223,1163160300.000000,1163165100.000000,0,1
236,22.000000,2,101,223,1163163400.000000,1163166800.000000,0,1
237,13.000000,2,113,214,1163166100.000000,1163166200.000000,7,6
239,33.000000,3,102,214,1163167000.000000,1163301600.000000,11,6
240,24.000000,2,101,215,1163168400.000000,1163282900.000000,0,5
242,16.000000,2,123,201,1163172200.000000,1163173000.000000,1,0
245,21.500000,2,101,221,1163171400.000000,1163258000.000000,0,3
246,11.000000,2,115,214,1163173800.000000,1163175200.000000,5,6
247,26.000000,3,101,214,1163173400.000000,1163306400.000000,0,6
249,16.600000,2,122,223,1163191700.000000,1163254400.000000,2,1
250,19.200000,2,118,215,1163175200.000000,1163191500.000000,4,5
252,21.000000,2,101,213,1163177200.000000,1163312100.000000,0,7
253,26.600000,3,101,214,1163181700.000000,1163314500.000000,0,6
254,22.000000,2,101,221,1163183700.000000,1163259200.000000,0,3
256,23.000000,2,101,214,1163185500.000000,1163399700.000000,0,6
258,19.200000,2,114,213,1163192000.000000,1163195000.000000,6,7
259,22.000000,2,101,202,1163193700.000000,1163199700.000000,0,11
261,16.000000,2,123,214,1163198100.000000,1163318500.000000,1,6
262,20.000000,2,101,214,1163195700.000000,1163319600.000000,0,6
263,19.100000,2,114,201,1163196900.000000,1163358500.000000,6,0
265,16.600000,2,123,203,1163200500.000000,1163220800.000000,1,10
266,15.000000,2,114,206,1163199300.000000,1163243700.000000,6,9
267,21.500000,2,101,223,1163200200.000000,1163241600.000000,0,1
268,16.800000,2,122,203,1163241000.000000,1163243300.000000,2,10
269,21.000000,2,114,201,1163201300.000000,1163288000.000000,6,0
270,17.000000,2,114,223,1163201400.000000,1163283000.000000,6,1
271,23.000000,2,101,202,1163201700.000000,1163254300.000000,0,11
273,14.000000,2,123,201,1163204200.000000,1163204700.000000,1,0
275,18.000000,2,114,201,1163204600.000000,1163360800.000000,6,0
280,15.000000,2,114,206,1163208000.000000,1163246600.000000,6,9
281,18.000000,2,114,213,1163208000.000000,1163220200.000000,6,7
284,19.600000,2,114,222,1163209000.000000,1163273300.000000,6,2
290,17.000000,2,114,223,1163211800.000000,1163353500.000000,6,1
296,18.000000,2,114,223,1163214300.000000,1163358900.000000,6,1
299,16.000000,2,114,212,1163215600.000000,1163229900.000000,6,8
307,18.000000,2,123,214,1163232800.000000,1163321600.000000,1,6
308,20.200000,2,114,202,1163220300.000000,1163342300.000000,6,11
309,19.800000,2,114,213,1163220800.000000,1163223600.000000,6,7
310,16.500000,2,114,201,1163221300.000000,1163364200.000000,6,0
311,16.000000,2,114,213,1163222200.000000,1163224600.000000,6,7
313,15.000000,2,114,213,1163224500.000000,1163225900.000000,6,7
315,15.000000,2,114,223,1163224600.000000,1163357300.000000,6,1
316,16.000000,2,114,215,1163224600.000000,1163226300.000000,6,5
318,17.600000,2,114,202,1163226400.000000,1163345600.000000,6,11
319,14.000000,2,123,201,1163228000.000000,1163229000.000000,1,0
320,15.000000,2,114,201,1163227900.000000,1163362900.000000,6,0
321,17.700000,2,114,215,1163227900.000000,1163228400.000000,6,5
323,29.300000,3,114,213,1163228600.000000,1163230200.000000,6,7
329,17.400000,2,115,213,1163231500.000000,1163232500.000000,5,7
330,17.300000,2,114,213,1163231500.000000,1163233500.000000,6,7
332,13.000000,2,103,222,1163231600.000000,1163234900.000000,10,2
334,18.500000,2,101,214,1163231900.000000,1163405900.000000,0,6
335,14.600000,2,101,202,1163231900.000000,1163258500.000000,0,11
337,14.000000,2,123,214,1163236400.000000,1163318500.000000,1,6
339,17.900000,2,115,214,1163238600.000000,1163240200.000000,5,6
342,14.700000,2,115,214,1163240500.000000,1163241600.000000,5,6
343,11.000000,2,115,214,1163242800.000000,1163243800.000000,5,6
344,16.500000,2,101,223,1163241500.000000,1163244500.000000,0,1
345,15.000000,2,115,221,1163249800.000000,1163279800.000000,5,3
346,11.000000,2,115,214,1163246700.000000,1163248300.000000,5,6
347,19.500000,2,101,214,1163247100.000000,1163401700.000000,0,6
349,13.000000,2,115,201,1163253900.000000,1163369500.000000,5,0
352,15.000000,2,121,201,1163255500.000000,1163368300.000000,3,0
356,23.500000,2,101,223,1163256500.000000,1163268800.000000,0,1
357,17.500000,2,101,215,1163257400.000000,1163385000.000000,0,5
361,15.000000,2,123,201,1163266000.000000,1163267600.000000,1,0
363,19.500000,2,102,215,1163259500.000000,1163386200.000000,11,5
366,19.500000,2,101,214,1163261800.000000,1163407400.000000,0,6
369,17.500000,2,115,214,1163266000.000000,1163268300.000000,5,6
370,18.500000,2,101,214,1163264500.000000,1163403400.000000,0,6
371,20.500000,2,101,214,1163266300.000000,1163405700.000000,0,6
373,20.500000,2,101,214,1163268200.000000,1163411800.000000,0,6
374,14.700000,2,122,201,1163274500.000000,1163352600.000000,2,0
375,15.000000,2,115,223,1163271000.000000,1163386000.000000,5,1
376,14.000000,2,115,214,1163271900.000000,1163273500.000000,5,6
378,14.000000,2,123,201,1163272800.000000,1163273900.000000,1,0
379,11.000000,2,115,221,1163273000.000000,1163302700.000000,5,3
380,29.500000,3,101,214,1163271600.000000,1163407000.000000,0,6
381,26.000000,3,101,223,1163271700.000000,1163276300.000000,0,1
383,17.300000,2,115,214,1163274100.000000,1163275800.000000,5,6
385,21.000000,2,101,206,1163273200.000000,1163341700.000000,0,9
388,14.500000,2,101,215,1163275300.000000,1163391500.000000,0,5
389,16.000000,2,101,214,1163277900.000000,1163410500.000000,0,6
390,14.500000,2,101,214,1163277900.000000,1163415300.000000,0,6
391,16.600000,2,114,213,1163280400.000000,1163283400.000000,6,7
392,12.600000,2,114,213,1163282800.000000,1163285600.000000,6,7
393,18.300000,2,114,213,1163283900.000000,1163286800.000000,6,7
396,15.500000,2,102,214,1163286500.000000,1163417400.000000,11,6
397,15.500000,2,114,213,1163286900.000000,1163289400.000000,6,7
398,15.100000,2,114,213,1163286900.000000,1163290900.000000,6,7
400,14.500000,2,114,213,1163289100.000000,1163292300.000000,6,7
405,15.500000,2,114,223,1163292600.000000,1163457100.000000,6,1
407,16.100000,2,114,201,1163292600.000000,1163456300.000000,6,0
410,15.200000,2,123,213,1163295600.000000,1163411900.000000,1,7
411,14.400000,2,102,201,1163294100.000000,1163297800.000000,11,0
413,15.300000,2,114,201,1163295400.000000,1163461800.000000,6,0
415,15.600000,2,114,201,1163295400.000000,1163467300.000000,6,0
418,14.600000,2,114,202,1163297600.000000,1163387100.000000,6,11
419,16.100000,2,114,201,1163299200.000000,1163459300.000000,6,0
420,14.600000,2,114,201,1163301800.000000,1163462000.000000,6,0
423,17.000000,2,115,222,1163304000.000000,1163379700.000000,5,2
424,13.200000,2,114,212,1163304000.000000,1163318000.000000,6,8
432,14.000000,2,114,202,1163305600.000000,1163440400.000000,6,11
443,15.500000,2,114,201,1163306000.000000,1163463300.000000,6,0
449,15.000000,2,114,201,1163308800.000000,1163465100.000000,6,0
450,17.000000,2,114,221,1163308800.000000,1163346900.000000,6,3
455,16.600000,2,122,201,1163311600.000000,1163369300.000000,2,0
460,16.000000,2,114,201,1163311600.000000,1163473400.000000,6,0
461,15.100000,2,115,201,1163311600.000000,1163468300.000000,5,0
464,16.000000,2,114,201,1163313100.000000,1163473300.000000,6,0
468,16.000000,2,114,202,1163314300.000000,1163442900.000000,6,11
475,15.000000,2,115,223,1163315400.000000,1163468600.000000,5,1
476,14.300000,2,102,201,1163329000.000000,1163330900.000000,11,0
480,15.700000,2,114,201,1163316600.000000,1163475700.000000,6,0
483,16.300000,2,114,201,1163317100.000000,1163472700.000000,6,0
486,16.500000,2,114,212,1163318500.000000,1163333300.000000,6,8
488,16.500000,2,114,213,1163318500.000000,1163324100.000000,6,7
489,17.000000,2,101,202,1163318600.000000,1163332300.000000,0,11
491,17.500000,2,123,215,1163321700.000000,1163480900.000000,1,5
492,16.200000,2,114,212,1163319500.000000,1163350200.000000,6,8
496,16.500000,2,115,222,1163322300.000000,1163390900.000000,5,2
497,15.500000,2,114,212,1163322700.000000,1163364800.000000,6,8
500,16.000000,2,114,201,1163325000.000000,1163478900.000000,6,0
504,14.200000,2,114,213,1163324500.000000,1163328300.000000,6,7
505,16.600000,2,114,213,1163326400.000000,1163329200.000000,6,7
509,15.000000,2,114,201,1163327200.000000,1163480700.000000,6,0
512,16.000000,2,115,201,1163329300.000000,1163476000.000000,5,0
513,14.700000,2,122,202,1163334100.000000,1163348500.000000,2,11
519,14.800000,2,115,214,1163339100.000000,1163341100.000000,5,6
523,14.900000,2,115,214,1163341700.000000,1163342900.000000,5,6
524,16.500000,2,102,214,1163340200.000000,1163419800.000000,11,6
525,16.600000,2,115,212,1163342900.000000,1163368500.000000,5,8
527,15.500000,2,115,214,1163343800.000000,1163345300.000000,5,6
529,15.100000,2,101,202,1163343300.000000,1163352200.000000,0,11
530,16.500000,2,101,214,1163343300.000000,1163421400.000000,0,6
532,15.700000,2,115,201,1163344900.000000,1163469500.000000,5,0
533,12.100000,2,123,201,1163344400.000000,1163345500.000000,1,0
535,17.400000,2,115,214,1163346400.000000,1163347700.000000,5,6
537,16.600000,2,115,214,1163347700.000000,1163349700.000000,5,6
539,13.000000,2,123,201,1163348000.000000,1163349700.000000,1,0
544,15.700000,2,115,214,1163349900.000000,1163351600.000000,5,6
545,17.100000,2,101,214,1163349100.000000,1163417000.000000,0,6
546,16.100000,2,101,223,1163350000.000000,1163375400.000000,0,1
556,17.000000,2,101,214,1163353300.000000,1163496600.000000,0,6
559,15.400000,2,115,202,1163356900.000000,1163445000.000000,5,11
562,17.000000,2,101,214,1163356100.000000,1163497500.000000,0,6
564,16.000000,2,101,213,1163356100.000000,1163495500.000000,0,7
567,15.100000,2,113,201,1163365800.000000,1163556200.000000,7,0
569,14.700000,2,118,212,1163365100.000000,1163370500.000000,4,8
575,14.200000,2,122,202,1163365500.000000,1163384900.000000,2,11
578,19.000000,2,101,223,1163368800.000000,1163373300.000000,0,1
579,17.500000,2,101,221,1163368800.000000,1163454700.000000,0,3
584,15.500000,2,115,214,1163374700.000000,1163377400.000000,5,6
585,19.500000,2,101,223,1163374700.000000,1163377800.000000,0,1
587,16.000000,2,101,223,1163374800.000000,1163441600.000000,0,1
590,15.700000,2,115,201,1163376500.000000,1163484200.000000,5,0
593,18.500000,2,101,214,1163376900.000000,1163499300.000000,0,6
595,17.900000,2,122,201,1163383100.000000,1163469500.000000,2,0
597,14.100000,2,102,214,1163384300.000000,1163501800.000000,11,6
598,16.500000,2,114,213,1163388000.000000,1163391900.000000,6,7
601,16.500000,2,123,214,1163394300.000000,1163500500.000000,1,6
605,14.500000,2,115,201,1163394700.000000,1163488800.000000,5,0
606,16.000000,2,114,202,1163394700.000000,1163483600.000000,6,11
607,15.200000,2,114,213,1163394700.000000,1163397600.000000,6,7
609,17.000000,2,122,202,1163397300.000000,1163447100.000000,2,11
611,15.000000,2,114,201,1163397800.000000,1163488300.000000,6,0
612,17.000000,2,114,212,1163399500.000000,1163414100.000000,6,8
613,14.700000,2,122,202,1163400000.000000,1163448200.000000,2,11
614,16.500000,2,115,203,1163402000.000000,1163478400.000000,5,10
617,15.500000,2,114,213,1163405300.000000,1163422400.000000,6,7
619,16.000000,2,101,214,1163405400.000000,1163516600.000000,0,6
624,15.000000,2,114,203,1163406600.000000,1163481900.000000,6,10
627,14.500000,2,122,202,1163410900.000000,1163450300.000000,2,11
630,14.000000,2,114,212,1163408400.000000,1163429100.000000,6,8
635,15.900000,2,114,201,1163411100.000000,1163556300.000000,6,0
638,14.400000,2,122,202,1163413400.000000,1163461600.000000,2,11
639,15.500000,2,114,213,1163413000.000000,1163424500.000000,6,7
642,17.000000,2,114,202,1163415300.000000,1163541400.000000,6,11
645,15.500000,2,114,201,1163416900.000000,1163486500.000000,6,0
650,16.100000,2,114,201,1163421300.000000,1163558600.000000,6,0
652,16.000000,2,114,212,1163423400.000000,1163449400.000000,6,8
654,14.500000,2,114,201,1163425700.000000,1163562300.000000,6,0
656,16.000000,2,114,206,1163427500.000000,1163465500.000000,6,9
659,15.600000,2,114,221,1163427500.000000,1163453800.000000,6,3
663,16.600000,2,122,223,1163433300.000000,1163479900.000000,2,1
667,16.000000,2,123,201,1163435100.000000,1163437000.000000,1,0
669,16.500000,2,101,214,1163436400.000000,1163509300.000000,0,6
671,16.500000,2,101,214,1163436400.000000,1163518100.000000,0,6
673,15.000000,2,101,223,1163438600.000000,1163443400.000000,0,1
682,16.600000,2,122,201,1163443800.000000,1163482200.000000,2,0
684,15.500000,2,101,202,1163443100.000000,1163457500.000000,0,11
685,15.500000,2,101,223,1163443600.000000,1163447000.000000,0,1
686,16.000000,2,115,201,1163445800.000000,1163566000.000000,5,0
694,14.600000,2,118,223,1163444600.000000,1163562400.000000,4,1
701,16.100000,2,122,201,1163452500.000000,1163483500.000000,2,0
703,16.000000,2,101,214,1163452400.000000,1163604600.000000,0,6
705,15.800000,2,123,201,1163453200.000000,1163561100.000000,1,0
707,17.000000,2,115,214,1163458200.000000,1163460300.000000,5,6
710,14.900000,2,122,202,1163457100.000000,1163475600.000000,2,11
711,14.000000,2,115,214,1163460300.000000,1163462200.000000,5,6
717,14.100000,2,115,214,1163464000.000000,1163465700.000000,5,6
723,17.000000,2,102,214,1163469400.000000,1163605700.000000,11,6
724,18.600000,2,115,214,1163471000.000000,1163472000.000000,5,6
725,15.000000,2,121,202,1163471800.000000,1163544400.000000,3,11
727,17.600000,2,121,223,1163475900.000000,1163568100.000000,3,1
728,14.400000,2,112,215,1163479100.000000,1163581800.000000,8,5
732,15.200000,2,115,206,1163479900.000000,1163535200.000000,5,9
733,15.300000,2,114,213,1163479400.000000,1163483200.000000,6,7
737,28.500000,3,114,213,1163483000.000000,1163485100.000000,6,7
738,17.500000,2,114,213,1163487100.000000,1163487900.000000,6,7
739,13.400000,2,114,213,1163488600.000000,1163491800.000000,6,7
740,16.500000,2,114,201,1163489500.000000,1163582800.000000,6,0
743,15.300000,2,114,222,1163490900.000000,1163542400.000000,6,2
746,15.000000,2,101,214,1163491200.000000,1163613400.000000,0,6
747,16.600000,2,115,212,1163492600.000000,1163505800.000000,5,8
749,15.200000,2,123,214,1163493400.000000,1163605600.000000,1,6
755,16.800000,2,114,212,1163495100.000000,1163511100.000000,6,8
758,15.900000,2,123,214,1163495700.000000,1163607300.000000,1,6
759,14.600000,2,114,201,1163495600.000000,1163586800.000000,6,0
760,15.500000,2,114,201,1163498600.000000,1163587400.000000,6,0
763,15.000000,2,114,201,1163501100.000000,1163589100.000000,6,0
766,17.000000,2,114,213,1163501300.000000,1163504300.000000,6,7
771,15.000000,2,122,201,1163503300.000000,1163562800.000000,2,0
773,17.300000,2,114,201,1163502700.000000,1163587300.000000,6,0
779,13.500000,2,114,213,1163503300.000000,1163505600.000000,6,7
786,14.900000,2,114,201,1163505100.000000,1163656100.000000,6,0
787,16.500000,2,101,222,1163505900.000000,1163584800.000000,0,2
792,15.500000,2,114,213,1163506900.000000,1163510700.000000,6,7
794,15.000000,2,114,223,1163507800.000000,1163656200.000000,6,1
799,16.000000,2,114,213,1163510100.000000,1163521800.000000,6,7
801,16.100000,2,112,214,1163510900.000000,1163521100.000000,8,6
805,16.000000,2,114,201,1163510800.000000,1163662100.000000,6,0
807,17.200000,2,122,202,1163510800.000000,1163547300.000000,2,11
813,15.500000,2,114,201,1163512900.000000,1163663100.000000,6,0
815,15.900000,2,122,201,1163514400.000000,1163564000.000000,2,0
816,14.100000,2,114,213,1163513800.000000,1163524000.000000,6,7
826,16.000000,2,101,214,1163516200.000000,1163614400.000000,0,6
831,17.500000,2,114,201,1163518800.000000,1163655300.000000,6,0
832,16.500000,2,122,202,1163521900.000000,1163549400.000000,2,11
837,17.000000,2,114,213,1163524000.000000,1163527400.000000,6,7
841,13.900000,2,114,213,1163526900.000000,1163529000.000000,6,7
842,16.500000,2,114,201,1163526900.000000,1163654400.000000,6,0
846,16.500000,2,101,214,1163529100.000000,1163616200.000000,0,6
847,14.800000,2,114,213,1163529400.000000,1163531300.000000,6,7
850,15.400000,2,123,201,1163532400.000000,1163534300.000000,1,0
851,16.500000,2,122,201,1163533700.000000,1163570200.000000,2,0
860,15.500000,2,101,214,1163536300.000000,1163614600.000000,0,6
862,15.500000,2,101,214,1163536300.000000,1163699300.000000,0,6
867,16.400000,2,115,214,1163537500.000000,1163539100.000000,5,6
868,16.500000,2,122,201,1163537600.000000,1163572900.000000,2,0
875,18.000000,2,101,223,1163538700.000000,1163544000.000000,0,1
884,16.500000,2,122,214,1163546100.000000,1163611400.000000,2,6
885,17.200000,2,115,214,1163542800.000000,1163545100.000000,5,6
890,16.000000,2,122,202,1163545700.000000,1163581200.000000,2,11
891,17.000000,2,115,214,1163544900.000000,1163547000.000000,5,6
897,16.400000,2,121,202,1163548000.000000,1163586600.000000,3,11
903,14.500000,2,101,214,1163555100.000000,1163701400.000000,0,6
906,16.400000,2,115,206,1163558700.000000,1163578700.000000,5,9
908,13.800000,2,113,214,1163558800.000000,1163559200.000000,7,6
909,16.600000,2,101,214,1163558400.000000,1163696900.000000,0,6
912,15.000000,2,121,203,1163560000.000000,1163600800.000000,3,10
917,18.400000,2,113,214,1163561500.000000,1163562500.000000,7,6
919,15.000000,2,101,214,1163562900.000000,1163703400.000000,0,6
925,16.500000,2,101,214,1163565300.000000,1163697500.000000,0,6
932,15.600000,2,101,214,1163568100.000000,1163705300.000000,0,6
933,17.500000,2,101,223,1163571700.000000,1163576800.000000,0,1
942,17.300000,2,115,214,1163575000.000000,1163577100.000000,5,6
945,15.500000,2,101,214,1163574300.000000,1163707400.000000,0,6
947,17.500000,2,101,223,1163576700.000000,1163590400.000000,0,1
948,14.800000,2,113,214,1163579700.000000,1163580400.000000,7,6
949,17.100000,2,114,213,1163580500.000000,1163582500.000000,6,7
951,16.000000,2,101,214,1163582500.000000,1163710000.000000,0,6
952,15.500000,2,114,213,1163582000.000000,1163585600.000000,6,7
954,15.700000,2,122,223,1163585700.000000,1163662800.000000,2,1
955,17.800000,2,114,213,1163584700.000000,1163589800.000000,6,7
956,17.500000,2,114,213,1163586500.000000,1163590800.000000,6,7
957,16.300000,2,113,214,1163587200.000000,1163587500.000000,7,6
958,17.100000,2,101,214,1163587300.000000,1163708600.000000,0,6
959,15.700000,2,114,213,1163588000.000000,1163600500.000000,6,7
961,15.000000,2,114,201,1163590000.000000,1163685800.000000,6,0
962,16.000000,2,114,202,1163591000.000000,1163684700.000000,6,11
964,16.600000,2,114,212,1163592900.000000,1163606400.000000,6,8
966,15.300000,2,114,202,1163595000.000000,1163689800.000000,6,11
968,16.800000,2,123,203,1163596600.000000,1163616700.000000,1,10
970,17.100000,2,123,214,1163598000.000000,1163706100.000000,1,6
972,15.800000,2,115,222,1163597300.000000,1163664800.000000,5,2
975,14.800000,2,123,214,1163599400.000000,1163712600.000000,1,6
976,16.100000,2,114,201,1163598600.000000,1163687000.000000,6,0
978,15.100000,2,115,201,1163599600.000000,1163758900.000000,5,0
979,15.300000,2,114,201,1163600900.000000,1163757000.000000,6,0
980,17.000000,2,101,214,1163595400.000000,1163711200.000000,0,6
983,15.600000,2,114,212,1163602700.000000,1163615200.000000,6,8
984,17.000000,2,101,214,1163602700.000000,1163803400.000000,0,6
985,15.500000,2,114,212,1163603300.000000,1163616700.000000,6,8
997,17.500000,2,121,222,1163610000.000000,1163677000.000000,3,2
999,15.500000,2,114,201,1163606500.000000,1163687100.000000,6,0
1005,16.100000,2,114,206,1163609200.000000,1163649200.000000,6,9
1007,15.700000,2,115,201,1163609200.000000,1163688700.000000,5,0
1009,16.600000,2,114,201,1163611000.000000,1163763400.000000,6,0
1013,16.100000,2,112,215,1163613800.000000,1163680200.000000,8,5
1018,14.900000,2,114,212,1163612800.000000,1163627000.000000,6,8
1020,16.100000,2,114,201,1163612800.000000,1163757700.000000,6,0
1027,16.500000,2,114,201,1163615500.000000,1163765800.000000,6,0
1030,15.700000,2,115,221,1163615500.000000,1163652200.000000,5,3
1032,16.500000,2,101,223,1163615500.000000,1163641400.000000,0,1
1035,14.400000,2,112,214,1163616800.000000,1163629100.000000,8,6
1041,16.500000,2,115,201,1163617400.000000,1163767500.000000,5,0
1042,14.900000,2,103,222,1163616400.000000,1163618500.000000,10,2
1043,16.100000,2,115,223,1163617600.000000,1163689300.000000,5,1
1044,31.600000,3,114,213,1163617500.000000,1163619800.000000,6,7
1045,16.000000,2,123,201,1163618900.000000,1163620300.000000,1,0
1050,15.300000,2,114,202,1163619500.000000,1163748700.000000,6,11
1051,15.200000,2,115,212,1163619500.000000,1163635100.000000,5,8
1055,17.000000,2,114,223,1163620900.000000,1163697400.000000,6,1
1056,18.100000,2,114,213,1163621100.000000,1163624800.000000,6,7
1057,14.000000,2,114,201,1163621500.000000,1163769300.000000,6,0
1060,16.500000,2,114,212,1163622300.000000,1163657700.000000,6,8
1062,18.500000,2,114,213,1163623800.000000,1163626500.000000,6,7
1064,15.800000,2,114,212,1163623800.000000,1163664700.000000,6,8
1067,15.600000,2,115,201,1163626700.000000,1163761600.000000,5,0
1070,14.700000,2,114,221,1163626900.000000,1163670600.000000,6,3
1072,16.100000,2,114,213,1163627900.000000,1163630700.000000,6,7
1077,23.800000,3,102,214,1163629000.000000,1163714300.000000,11,6
1082,15.500000,2,115,203,1163629100.000000,1163701500.000000,5,10
1084,16.000000,2,114,201,1163629700.000000,1163767300.000000,6,0
1087,22.500000,2,102,215,1163631900.000000,1163785700.000000,11,5
1089,18.100000,2,103,222,1163633700.000000,1163636500.000000,10,2
1090,17.000000,2,102,214,1163633700.000000,1163799600.000000,11,6
1092,16.000000,2,101,223,1163633800.000000,1163643900.000000,0,1
1093,17.000000,2,101,202,1163633800.000000,1163654900.000000,0,11
1096,15.300000,2,115,214,1163637000.000000,1163638600.000000,5,6
1098,16.800000,2,102,223,1163635300.000000,1163671400.000000,11,1
1102,14.500000,2,101,214,1163637000.000000,1163716800.000000,0,6
1103,16.800000,2,115,223,1163638300.000000,1163702600.000000,5,1
1104,15.500000,2,101,214,1163637800.000000,1163713000.000000,0,6
1105,15.000000,2,101,223,1163637800.000000,1163643400.000000,0,1
1110,15.000000,2,115,201,1163646900.000000,1163758900.000000,5,0
1113,17.900000,2,122,201,1163647600.000000,1163679300.000000,2,0
1114,16.300000,2,115,202,1163650800.000000,1163776900.000000,5,11
1121,15.200000,2,115,202,1163654400.000000,1163779000.000000,5,11
1122,15.500000,2,101,221,1163654200.000000,1163726500.000000,0,3
1123,17.000000,2,101,214,1163654200.000000,1163805600.000000,0,6
1124,17.200000,2,115,214,1163658100.000000,1163662600.000000,5,6
1125,16.100000,2,122,202,1163656500.000000,1163680300.000000,2,11
1127,16.300000,2,115,201,1163660400.000000,1163771500.000000,5,0
1128,15.700000,2,118,223,1163659900.000000,1163762000.000000,4,1
1129,15.000000,2,122,201,1163660500.000000,1163680600.000000,2,0
1131,15.000000,2,101,214,1163660600.000000,1163801400.000000,0,6
1134,14.500000,2,101,215,1163662200.000000,1163790700.000000,0,5
1138,16.600000,2,122,202,1163663300.000000,1163681900.000000,2,11
1140,17.100000,2,115,214,1163664100.000000,1163665800.000000,5,6
1142,15.500000,2,101,215,1163663900.000000,1163791800.000000,0,5
1144,15.500000,2,121,202,1163668400.000000,1163750400.000000,3,11
1145,15.600000,2,115,201,1163667100.000000,1163770000.000000,5,0
1147,15.000000,2,101,214,1163668300.000000,1163803500.000000,0,6
1149,16.800000,2,123,201,1163669100.000000,1163670900.000000,1,0
1152,16.000000,2,101,214,1163669600.000000,1163807300.000000,0,6
1155,16.500000,2,101,214,1163674000.000000,1163808900.000000,0,6
1157,17.000000,2,101,214,1163674000.000000,1163811500.000000,0,6
1159,18.000000,2,114,213,1163677900.000000,1163680700.000000,6,7
1160,16.600000,2,114,213,1163680800.000000,1163683900.000000,6,7
1161,16.200000,2,114,213,1163682500.000000,1163685500.000000,6,7
1165,16.600000,2,101,214,1163683000.000000,1163813800.000000,0,6
1167,15.000000,2,114,213,1163683700.000000,1163686800.000000,6,7
1170,15.500000,2,101,214,1163685700.000000,1163912400.000000,0,6
1171,15.400000,2,114,213,1163684900.000000,1163687000.000000,6,7
1172,15.000000,2,114,213,1163686800.000000,1163690000.000000,6,7
1173,16.500000,2,101,214,1163687000.000000,1163809700.000000,0,6
1176,16.000000,2,101,215,1163688900.000000,1163886700.000000,0,5
1177,16.100000,2,115,202,1163692400.000000,1163788200.000000,5,11
1179,17.000000,2,115,201,1163692400.000000,1163785500.000000,5,0
1181,17.000000,2,123,201,1163694000.000000,1163695900.000000,1,0
1182,16.400000,2,123,214,1163694600.000000,1163825500.000000,1,6
1183,15.100000,2,114,206,1163694100.000000,1163752900.000000,6,9
1185,15.200000,2,115,201,1163694600.000000,1163786800.000000,5,0
1187,16.300000,2,123,222,1163697100.000000,1163788400.000000,1,2
1189,17.100000,2,114,201,1163697100.000000,1163857400.000000,6,0
1192,16.700000,2,123,214,1163699200.000000,1163822100.000000,1,6
1195,15.000000,2,114,222,1163700100.000000,1163776200.000000,6,2
1196,16.200000,2,114,212,1163702800.000000,1163718400.000000,6,8
1198,17.700000,2,112,214,1163703900.000000,1163717200.000000,8,6
1200,16.100000,2,114,201,1163704900.000000,1163860400.000000,6,0
1201,15.700000,2,115,201,1163705600.000000,1163786100.000000,5,0
1206,15.100000,2,114,201,1163707000.000000,1163862200.000000,6,0
1210,16.200000,2,115,223,1163708200.000000,1163797200.000000,5,1
1213,15.000000,2,115,212,1163710400.000000,1163723800.000000,5,8
1214,16.100000,2,115,201,1163711100.000000,1163865000.000000,5,0
1219,16.600000,2,114,201,1163713200.000000,1163863500.000000,6,0
1225,15.100000,2,101,202,1163715800.000000,1163763400.000000,0,11
1226,16.700000,2,115,201,1163716400.000000,1163866600.000000,5,0
1228,16.600000,2,114,213,1163717200.000000,1163720500.000000,6,7
1232,15.300000,2,102,214,1163718400.000000,1163910800.000000,11,6
1235,16.400000,2,114,201,1163718900.000000,1163856200.000000,6,0
1237,16.000000,2,121,214,1163722100.000000,1163800500.000000,3,6
1240,14.300000,2,114,213,1163720600.000000,1163723200.000000,6,7
1244,15.100000,2,114,201,1163721200.000000,1163868700.000000,6,0
1246,17.300000,2,113,214,1163723100.000000,1163723100.000000,7,6
1247,15.100000,2,114,213,1163722800.000000,1163725200.000000,6,7
1252,15.600000,2,114,213,1163725700.000000,1163728100.000000,6,7
1253,16.300000,2,113,214,1163726600.000000,1163728000.000000,7,6
1255,18.000000,2,114,213,1163728300.000000,1163731000.000000,6,7
1263,14.200000,2,113,214,1163731500.000000,1163731800.000000,7,6
1265,17.200000,2,115,214,1163735800.000000,1163738000.000000,5,6
1266,16.800000,2,113,214,1163735100.000000,1163735400.000000,7,6
1269,15.400000,2,115,214,1163737700.000000,1163739300.000000,5,6
1272,16.900000,2,115,214,1163740100.000000,1163741500.000000,5,6
1275,17.000000,2,101,223,1163740300.000000,1163744400.000000,0,1
1278,15.500000,2,101,223,1163740300.000000,1163746500.000000,0,1
1280,14.700000,2,115,214,1163743600.000000,1163744300.000000,5,6
1281,14.400000,2,115,214,1163743600.000000,1163746200.000000,5,6
1284,15.000000,2,122,223,1163744900.000000,1163768900.000000,2,1
1285,14.600000,2,115,214,1163747200.000000,1163749900.000000,5,6
1288,17.100000,2,115,214,1163749100.000000,1163751200.000000,5,6
1289,14.500000,2,101,214,1163748600.000000,1163908100.000000,0,6
1294,15.300000,2,122,223,1163748600.000000,1163772600.000000,2,1
1295,15.600000,2,122,203,1163753800.000000,1163754000.000000,2,10
1299,15.400000,2,115,201,1163751400.000000,1163870400.000000,5,0
1300,18.500000,2,101,223,1163750700.000000,1163753200.000000,0,1
1303,15.200000,2,102,215,1163751800.000000,1163884700.000000,11,5
1306,15.600000,2,113,214,1163753200.000000,1163753500.000000,7,6
1308,15.000000,2,101,214,1163753900.000000,1163910200.000000,0,6
1311,15.000000,2,101,214,1163754300.000000,1163915000.000000,0,6
1314,17.000000,2,122,215,1163760600.000000,1163882100.000000,2,5
1318,17.000000,2,101,222,1163761500.000000,1163798500.000000,0,2
1320,14.800000,2,112,214,1163762900.000000,1163816100.000000,8,6
1322,15.000000,2,101,223,1163762900.000000,1163774000.000000,0,1
1327,15.200000,2,112,221,1163767500.000000,1163779200.000000,8,3
1331,16.000000,2,101,214,1163768000.000000,1163913600.000000,0,6
1333,16.300000,2,115,214,1163770100.000000,1163771900.000000,5,6
1336,15.400000,2,112,214,1163770400.000000,1163819900.000000,8,6
1338,14.900000,2,123,201,1163770200.000000,1163771600.000000,1,0
1340,14.500000,2,115,214,1163773700.000000,1163774600.000000,5,6
1343,16.000000,2,101,214,1163770800.000000,1163917500.000000,0,6
1345,14.300000,2,123,201,1163775100.000000,1163776700.000000,1,0
1350,15.800000,2,102,214,1163777200.000000,1163912200.000000,11,6
1351,16.300000,2,121,214,1163797300.000000,1163818200.000000,3,6
1352,16.400000,2,114,213,1163781000.000000,1163783900.000000,6,7
1356,15.200000,2,114,213,1163783400.000000,1163786500.000000,6,7
1358,13.200000,2,114,213,1163786100.000000,1163788800.000000,6,7
1360,13.500000,2,114,213,1163788200.000000,1163791000.000000,6,7
1361,15.200000,2,122,202,1163790500.000000,1163840900.000000,2,11
1362,15.200000,2,114,213,1163790100.000000,1163793600.000000,6,7
1363,18.200000,2,114,213,1163792000.000000,1163795100.000000,6,7
1364,16.200000,2,123,214,1163793500.000000,1163919200.000000,1,6
1368,15.800000,2,122,223,1163795100.000000,1163855800.000000,2,1
1369,15.700000,2,123,214,1163796600.000000,1163922000.000000,1,6
1375,14.400000,2,114,201,1163795400.000000,1163887000.000000,6,0
1376,14.800000,2,102,201,1163796700.000000,1163798900.000000,11,0
1377,17.000000,2,115,201,1163795800.000000,1163886600.000000,5,0
1381,14.900000,2,114,212,1163797200.000000,1163812000.000000,6,8
1382,14.600000,2,123,215,1163798900.000000,1163930900.000000,1,5
1383,15.000000,2,102,201,1163798100.000000,1163801300.000000,11,0
1386,15.600000,2,114,201,1163800000.000000,1163958600.000000,6,0
1387,15.700000,2,123,214,1163801100.000000,1163924300.000000,1,6
1388,16.300000,2,122,203,1163801000.000000,1163804400.000000,2,10
1390,15.900000,2,123,214,1163803000.000000,1163926400.000000,1,6
1392,14.800000,2,114,201,1163802800.000000,1163960700.000000,6,0
1397,17.100000,2,114,201,1163804500.000000,1163887700.000000,6,0
1404,14.600000,2,114,202,1163807100.000000,1163885600.000000,6,11
1405,16.000000,2,115,201,1163807100.000000,1163957200.000000,5,0
1412,16.400000,2,115,201,1163809700.000000,1163963000.000000,5,0
1413,16.700000,2,115,223,1163809700.000000,1163956000.000000,5,1
1419,15.500000,2,114,201,1163812600.000000,1163964100.000000,6,0
1420,16.000000,2,114,212,1163811400.000000,1163826200.000000,6,8
1431,15.900000,2,102,214,1163814000.000000,1163915400.000000,11,6
1432,15.100000,2,114,201,1163814500.000000,1163965600.000000,6,0
1438,16.000000,2,122,201,1163817000.000000,1163874100.000000,2,0
1442,15.000000,2,112,214,1163818500.000000,1163830600.000000,8,6
1446,15.000000,2,114,201,1163818300.000000,1163965900.000000,6,0
1449,15.100000,2,115,223,1163820200.000000,1163966900.000000,5,1
1450,15.500000,2,114,213,1163820500.000000,1163831800.000000,6,7
1452,20.000000,2,102,214,1163820600.000000,1164003700.000000,11,6
1453,16.000000,2,114,201,1163820600.000000,1163967900.000000,6,0
1457,15.900000,2,122,201,1163823800.000000,1163878100.000000,2,0
1459,15.000000,2,102,221,1163824100.000000,1163954300.000000,11,3
1463,16.200000,2,115,201,1163827600.000000,1163969900.000000,5,0
1467,15.500000,2,122,202,1163830300.000000,1163846000.000000,2,11
1468,15.800000,2,113,214,1163831000.000000,1163832100.000000,7,6
1469,16.300000,2,123,201,1163832000.000000,1163835100.000000,1,0
1473,15.900000,2,102,214,1163834000.000000,1163999600.000000,11,6
1476,15.000000,2,101,214,1163834500.000000,1163995900.000000,0,6
1478,15.700000,2,122,223,1163836000.000000,1163858700.000000,2,1
1479,27.700000,3,115,214,1163839000.000000,1163840300.000000,5,6
1480,14.900000,2,113,214,1163841200.000000,1163844600.000000,7,6
1483,15.600000,2,101,214,1163839200.000000,1164008200.000000,0,6
1486,15.900000,2,118,212,1163838400.000000,1163858000.000000,4,8
1490,15.500000,2,101,223,1163841000.000000,1163846300.000000,0,1
1492,16.100000,2,115,214,1163843300.000000,1163844900.000000,5,6
1495,19.000000,2,115,214,1163846000.000000,1163846800.000000,5,6
1497,16.000000,2,101,202,1163844600.000000,1163853100.000000,0,11
1499,16.600000,2,123,201,1163848400.000000,1163850200.000000,1,0
1504,16.700000,2,113,214,1163848300.000000,1163849200.000000,7,6
1505,15.100000,2,113,214,1163850600.000000,1163851500.000000,7,6
1507,15.400000,2,115,214,1163876300.000000,1163939000.000000,5,6
1523,14.200000,2,112,214,1163858700.000000,1163913900.000000,8,6
1525,14.600000,2,113,214,1163861200.000000,1163862100.000000,7,6
1538,17.600000,2,115,214,1163875900.000000,1163877300.000000,5,6
1540,16.500000,2,101,223,1163878000.000000,1163941700.000000,0,1
1541,16.100000,2,114,213,1163880800.000000,1163899800.000000,6,7
1542,16.000000,2,114,213,1163891500.000000,1163899800.000000,6,7
1543,16.800000,2,123,214,1163893700.000000,1163997500.000000,1,6
1545,15.900000,2,102,201,1163894000.000000,1163895900.000000,11,0
1548,15.400000,2,114,213,1163893400.000000,1163895700.000000,6,7
1551,16.500000,2,115,201,1163895800.000000,1164058700.000000,5,0
1552,16.500000,2,114,206,1163897000.000000,1163936700.000000,6,9
1553,15.200000,2,122,223,1163898500.000000,1163969300.000000,2,1
1555,15.100000,2,114,201,1163898600.000000,1163985100.000000,6,0
1556,16.500000,2,114,223,1163900700.000000,1163983800.000000,6,1
1558,15.000000,2,101,215,1163899700.000000,1164030800.000000,0,5
1561,17.700000,2,114,201,1163902800.000000,1163986400.000000,6,0
1564,15.500000,2,115,223,1163903900.000000,1164057500.000000,5,1
1568,14.500000,2,114,212,1163904600.000000,1163922600.000000,6,8
1573,15.500000,2,114,201,1163907100.000000,1163987800.000000,6,0
1575,15.100000,2,115,212,1163909100.000000,1163925800.000000,5,8
1579,16.600000,2,122,203,1163908700.000000,1163912300.000000,2,10
1583,16.000000,2,114,201,1163910300.000000,1164056500.000000,6,0
1588,16.500000,2,114,202,1163912600.000000,1163987100.000000,6,11
1594,15.200000,2,114,212,1163914200.000000,1163928200.000000,6,8
1601,16.700000,2,114,212,1163916500.000000,1163930500.000000,6,8
1607,13.700000,2,123,201,1163916900.000000,1163917800.000000,1,0
1615,15.800000,2,114,202,1163918800.000000,1163988700.000000,6,11
1617,16.300000,2,114,213,1163919700.000000,1163928700.000000,6,7
1618,15.500000,2,114,201,1163920400.000000,1164054700.000000,6,0
1621,16.100000,2,102,214,1163921600.000000,1164011000.000000,11,6
1622,15.600000,2,103,222,1163919400.000000,1163923500.000000,10,2
1629,16.200000,2,114,201,1163921500.000000,1164061800.000000,6,0
1634,15.600000,2,114,212,1163922800.000000,1163936700.000000,6,8
1635,16.000000,2,122,202,1163926700.000000,1163946400.000000,2,11
1636,15.700000,2,103,223,1163927100.000000,1163972000.000000,10,1
1638,15.200000,2,114,223,1163926300.000000,1164063200.000000,6,1
1640,15.000000,2,102,214,1163927600.000000,1164009200.000000,11,6
1643,16.300000,2,114,202,1163928700.000000,1164042500.000000,6,11
1644,15.800000,2,114,213,1163929100.000000,1163930600.000000,6,7
1646,15.300000,2,114,213,1163930200.000000,1163932700.000000,6,7
1665,16.000000,2,114,215,1163052700.000000,1163054700.000000,6,5
1669,16.600000,2,115,201,1163071700.000000,1163186000.000000,5,0
1672,15.500000,2,115,201,1163076000.000000,1163188300.000000,5,0
1681,16.500000,2,101,223,1163165100.000000,1163171500.000000,0,1
1685,15.000000,2,114,215,1163205600.000000,1163207200.000000,6,5
1689,15.500000,2,101,214,1163188200.000000,1163404200.000000,0,6
1691,14.000000,2,114,215,1163403800.000000,1163406700.000000,6,5
1693,15.000000,2,114,215,1163491800.000000,1163493000.000000,6,5
1694,14.500000,2,114,215,1163520100.000000,1163522100.000000,6,5
1695,13.500000,2,114,215,1163527900.000000,1163529900.000000,6,5
1697,13.500000,2,114,215,1163697600.000000,1163699600.000000,6,5
1701,15.000000,2,114,215,1163826200.000000,1163827800.000000,6,5
1708,17.500000,2,101,214,1163162900.000000,1163304300.000000,0,6
1709,16.600000,2,115,201,1163174800.000000,1163282000.000000,5,0
1711,17.500000,2,114,215,1163198500.000000,1163200200.000000,6,5
1713,15.500000,2,114,215,1163218600.000000,1163221200.000000,6,5
1714,15.500000,2,114,215,1163230400.000000,1163231800.000000,6,5
1717,14.000000,2,114,215,1163525400.000000,1163527300.000000,6,5
1721,16.600000,2,114,215,1163414400.000000,1163416400.000000,6,5
1722,16.600000,2,114,215,1163332700.000000,1163334200.000000,6,5
1724,15.500000,2,114,215,1163422000.000000,1163423600.000000,6,5
1726,16.600000,2,113,214,1163358400.000000,1163359100.000000,7,6
1727,13.800000,2,113,214,1163364300.000000,1163364400.000000,7,6
1728,18.400000,2,113,214,1163371700.000000,1163372600.000000,7,6
1729,15.900000,2,113,214,1163374500.000000,1163374900.000000,7,6
1731,20.300000,2,114,213,1163382300.000000,1163388300.000000,6,7
1732,12.500000,2,114,215,1163398100.000000,1163401200.000000,6,5
1733,17.000000,2,114,215,1163401600.000000,1163403600.000000,6,5
1735,15.200000,2,114,215,1163407300.000000,1163410500.000000,6,5
1736,15.000000,2,114,215,1163411200.000000,1163413600.000000,6,5
1738,14.100000,2,114,215,1163419400.000000,1163421700.000000,6,5
1746,14.000000,2,114,215,1163700800.000000,1163701700.000000,6,5
1747,15.500000,2,114,215,1163702800.000000,1163703900.000000,6,5
1748,16.000000,2,114,215,1163797400.000000,1163798700.000000,6,5
1752,13.100000,2,114,215,1163799700.000000,1163800900.000000,6,5
1753,17.000000,2,114,215,1163801800.000000,1163803100.000000,6,5
1754,15.000000,2,114,215,1163803700.000000,1163804800.000000,6,5
1756,16.500000,2,114,215,1163813800.000000,1163815600.000000,6,5
1757,13.500000,2,114,215,1163820600.000000,1163821700.000000,6,5
1758,14.500000,2,114,215,1163823400.000000,1163825400.000000,6,5
1759,15.000000,2,114,215,1163829600.000000,1163831300.000000,6,5
1761,13.500000,2,114,215,1163845300.000000,1163847100.000000,6,5
1762,13.500000,2,114,215,1163897800.000000,1163899500.000000,6,5
1763,14.500000,2,114,215,1163900300.000000,1163902100.000000,6,5
1764,15.000000,2,114,215,1163904900.000000,1163906400.000000,6,5
1766,11.500000,2,114,215,1163909300.000000,1163911100.000000,6,5
1803,15.000000,2,114,215,1163605700.000000,1163607300.000000,6,5
1805,15.500000,2,114,215,1163514800.000000,1163516700.000000,6,5
1806,17.000000,2,114,215,1163504400.000000,1163506600.000000,6,5
1808,14.700000,2,114,215,1163593000.000000,1163594000.000000,6,5
1810,16.100000,2,114,215,1163297700.000000,1163301200.000000,6,5
